{
  "02_Click_Login-5" : {
    "transaction" : "02_Click_Login-5",
    "sampleCount" : 15,
    "errorCount" : 0,
    "errorPct" : 0.0,
    "meanResTime" : 134.53333333333336,
    "medianResTime" : 133.0,
    "minResTime" : 113.0,
    "maxResTime" : 160.0,
    "pct1ResTime" : 152.8,
    "pct2ResTime" : 160.0,
    "pct3ResTime" : 160.0,
    "throughput" : 0.33049839157449434,
    "receivedKBytesPerSec" : 0.5644938348279205,
    "sentKBytesPerSec" : 0.22721764420746485
  },
  "02_Click_Login-4" : {
    "transaction" : "02_Click_Login-4",
    "sampleCount" : 15,
    "errorCount" : 0,
    "errorPct" : 0.0,
    "meanResTime" : 107.46666666666667,
    "medianResTime" : 105.0,
    "minResTime" : 86.0,
    "maxResTime" : 184.0,
    "pct1ResTime" : 149.20000000000002,
    "pct2ResTime" : 184.0,
    "pct3ResTime" : 184.0,
    "throughput" : 0.3301128986113251,
    "receivedKBytesPerSec" : 0.2845719329760778,
    "sentKBytesPerSec" : 0.26217755534892934
  },
  "02_Click_Login-6" : {
    "transaction" : "02_Click_Login-6",
    "sampleCount" : 15,
    "errorCount" : 0,
    "errorPct" : 0.0,
    "meanResTime" : 135.20000000000002,
    "medianResTime" : 135.0,
    "minResTime" : 119.0,
    "maxResTime" : 164.0,
    "pct1ResTime" : 153.8,
    "pct2ResTime" : 164.0,
    "pct3ResTime" : 164.0,
    "throughput" : 0.3306076568733332,
    "receivedKBytesPerSec" : 0.3748393453417381,
    "sentKBytesPerSec" : 0.22567846890083973
  },
  "07_SignOff" : {
    "transaction" : "07_SignOff",
    "sampleCount" : 15,
    "errorCount" : 0,
    "errorPct" : 0.0,
    "meanResTime" : 278.66666666666663,
    "medianResTime" : 276.0,
    "minResTime" : 259.0,
    "maxResTime" : 341.0,
    "pct1ResTime" : 312.8,
    "pct2ResTime" : 341.0,
    "pct3ResTime" : 341.0,
    "throughput" : 0.35160919809662217,
    "receivedKBytesPerSec" : 0.9544037953282858,
    "sentKBytesPerSec" : 0.43951149762077774
  },
  "01_Launch" : {
    "transaction" : "01_Launch",
    "sampleCount" : 15,
    "errorCount" : 0,
    "errorPct" : 0.0,
    "meanResTime" : 240.66666666666666,
    "medianResTime" : 228.0,
    "minResTime" : 208.0,
    "maxResTime" : 327.0,
    "pct1ResTime" : 325.2,
    "pct2ResTime" : 327.0,
    "pct3ResTime" : 327.0,
    "throughput" : 3.178639542275906,
    "receivedKBytesPerSec" : 10.69148654375927,
    "sentKBytesPerSec" : 4.910749761602034
  },
  "05_choose_Flights-18" : {
    "transaction" : "05_choose_Flights-18",
    "sampleCount" : 15,
    "errorCount" : 0,
    "errorPct" : 0.0,
    "meanResTime" : 113.26666666666667,
    "medianResTime" : 106.0,
    "minResTime" : 100.0,
    "maxResTime" : 151.0,
    "pct1ResTime" : 151.0,
    "pct2ResTime" : 151.0,
    "pct3ResTime" : 151.0,
    "throughput" : 0.29708853238265004,
    "receivedKBytesPerSec" : 0.8813046209645474,
    "sentKBytesPerSec" : 0.28053203604674193
  },
  "07_SignOff-22" : {
    "transaction" : "07_SignOff-22",
    "sampleCount" : 15,
    "errorCount" : 0,
    "errorPct" : 0.0,
    "meanResTime" : 139.8,
    "medianResTime" : 137.0,
    "minResTime" : 119.0,
    "maxResTime" : 189.0,
    "pct1ResTime" : 163.8,
    "pct2ResTime" : 189.0,
    "pct3ResTime" : 189.0,
    "throughput" : 0.3527668681357447,
    "receivedKBytesPerSec" : 0.604434793984149,
    "sentKBytesPerSec" : 0.19464187548505443
  },
  "07_SignOff-21" : {
    "transaction" : "07_SignOff-21",
    "sampleCount" : 15,
    "errorCount" : 0,
    "errorPct" : 0.0,
    "meanResTime" : 138.86666666666665,
    "medianResTime" : 140.0,
    "minResTime" : 126.0,
    "maxResTime" : 156.0,
    "pct1ResTime" : 153.6,
    "pct2ResTime" : 156.0,
    "pct3ResTime" : 156.0,
    "throughput" : 0.35274198099896525,
    "receivedKBytesPerSec" : 0.3530864555897846,
    "sentKBytesPerSec" : 0.24629933243580096
  },
  "03_Click_Flights-13" : {
    "transaction" : "03_Click_Flights-13",
    "sampleCount" : 15,
    "errorCount" : 0,
    "errorPct" : 0.0,
    "meanResTime" : 160.93333333333334,
    "medianResTime" : 155.0,
    "minResTime" : 142.0,
    "maxResTime" : 199.0,
    "pct1ResTime" : 188.8,
    "pct2ResTime" : 199.0,
    "pct3ResTime" : 199.0,
    "throughput" : 0.3302291790502609,
    "receivedKBytesPerSec" : 1.457652235651542,
    "sentKBytesPerSec" : 0.2328373703850472
  },
  "06_Payment" : {
    "transaction" : "06_Payment",
    "sampleCount" : 15,
    "errorCount" : 0,
    "errorPct" : 0.0,
    "meanResTime" : 114.39999999999999,
    "medianResTime" : 105.0,
    "minResTime" : 88.0,
    "maxResTime" : 180.0,
    "pct1ResTime" : 159.0,
    "pct2ResTime" : 180.0,
    "pct3ResTime" : 180.0,
    "throughput" : 0.29663028001898434,
    "receivedKBytesPerSec" : 0.8380577885223858,
    "sentKBytesPerSec" : 0.3318744376384275
  },
  "06_Payment-19" : {
    "transaction" : "06_Payment-19",
    "sampleCount" : 15,
    "errorCount" : 0,
    "errorPct" : 0.0,
    "meanResTime" : 114.39999999999999,
    "medianResTime" : 105.0,
    "minResTime" : 88.0,
    "maxResTime" : 180.0,
    "pct1ResTime" : 159.0,
    "pct2ResTime" : 180.0,
    "pct3ResTime" : 180.0,
    "throughput" : 0.3528830545557203,
    "receivedKBytesPerSec" : 0.9969865257487003,
    "sentKBytesPerSec" : 0.3948108914414097
  },
  "Debug Sampler" : {
    "transaction" : "Debug Sampler",
    "sampleCount" : 15,
    "errorCount" : 0,
    "errorPct" : 0.0,
    "meanResTime" : 1.0666666666666669,
    "medianResTime" : 1.0,
    "minResTime" : 0.0,
    "maxResTime" : 7.0,
    "pct1ResTime" : 4.000000000000002,
    "pct2ResTime" : 7.0,
    "pct3ResTime" : 7.0,
    "throughput" : 0.35403242937053037,
    "receivedKBytesPerSec" : 0.3046615007434681,
    "sentKBytesPerSec" : 0.0
  },
  "03_Click_Flights-12" : {
    "transaction" : "03_Click_Flights-12",
    "sampleCount" : 15,
    "errorCount" : 0,
    "errorPct" : 0.0,
    "meanResTime" : 136.26666666666668,
    "medianResTime" : 135.0,
    "minResTime" : 117.0,
    "maxResTime" : 162.0,
    "pct1ResTime" : 160.2,
    "pct2ResTime" : 162.0,
    "pct3ResTime" : 162.0,
    "throughput" : 0.33040375338663847,
    "receivedKBytesPerSec" : 0.5643321920637019,
    "sentKBytesPerSec" : 0.2326377990153968
  },
  "03_Click_Flights-11" : {
    "transaction" : "03_Click_Flights-11",
    "sampleCount" : 15,
    "errorCount" : 0,
    "errorPct" : 0.0,
    "meanResTime" : 89.13333333333333,
    "medianResTime" : 78.0,
    "minResTime" : 73.0,
    "maxResTime" : 143.0,
    "pct1ResTime" : 140.0,
    "pct2ResTime" : 143.0,
    "pct3ResTime" : 143.0,
    "throughput" : 0.3310454415042705,
    "receivedKBytesPerSec" : 0.27253057342587894,
    "sentKBytesPerSec" : 0.23211975292975215
  },
  "Total" : {
    "transaction" : "Total",
    "sampleCount" : 225,
    "errorCount" : 0,
    "errorPct" : 0.0,
    "meanResTime" : 108.31111111111115,
    "medianResTime" : 120.0,
    "minResTime" : 0.0,
    "maxResTime" : 199.0,
    "pct1ResTime" : 151.4,
    "pct2ResTime" : 163.39999999999998,
    "pct3ResTime" : 187.70000000000005,
    "throughput" : 3.0031633320430853,
    "receivedKBytesPerSec" : 4.873362441772,
    "sentKBytesPerSec" : 2.0384362153134634
  },
  "01_Launch-2" : {
    "transaction" : "01_Launch-2",
    "sampleCount" : 15,
    "errorCount" : 0,
    "errorPct" : 0.0,
    "meanResTime" : 87.86666666666667,
    "medianResTime" : 82.0,
    "minResTime" : 73.0,
    "maxResTime" : 119.0,
    "pct1ResTime" : 114.2,
    "pct2ResTime" : 119.0,
    "pct3ResTime" : 119.0,
    "throughput" : 3.4891835310537336,
    "receivedKBytesPerSec" : 3.4925909368457777,
    "sentKBytesPerSec" : 1.7957028524075365
  },
  "04_Find_Flights-17" : {
    "transaction" : "04_Find_Flights-17",
    "sampleCount" : 15,
    "errorCount" : 0,
    "errorPct" : 0.0,
    "meanResTime" : 113.06666666666666,
    "medianResTime" : 104.0,
    "minResTime" : 99.0,
    "maxResTime" : 138.0,
    "pct1ResTime" : 136.8,
    "pct2ResTime" : 138.0,
    "pct3ResTime" : 138.0,
    "throughput" : 0.30549275982159224,
    "receivedKBytesPerSec" : 0.2938180039612228,
    "sentKBytesPerSec" : 0.320389509633205
  },