{
  "02_Click_Login-5" : {
    "transaction" : "02_Click_Login-5",
    "sampleCount" : 15,
    "errorCount" : 15,
    "errorPct" : 100.0,
    "meanResTime" : 2116.8,
    "medianResTime" : 2127.0,
    "minResTime" : 1972.0,
    "maxResTime" : 2162.0,
    "pct1ResTime" : 2159.6,
    "pct2ResTime" : 2162.0,
    "pct3ResTime" : 2162.0,
    "throughput" : 0.6561966840194234,
    "receivedKBytesPerSec" : 1.6949611613587645,
    "sentKBytesPerSec" : 0.0
  },
  "02_Click_Login-4" : {
    "transaction" : "02_Click_Login-4",
    "sampleCount" : 15,
    "errorCount" : 15,
    "errorPct" : 100.0,
    "meanResTime" : 2211.6666666666665,
    "medianResTime" : 2170.0,
    "minResTime" : 2048.0,
    "maxResTime" : 2503.0,
    "pct1ResTime" : 2484.4,
    "pct2ResTime" : 2503.0,
    "pct3ResTime" : 2503.0,
    "throughput" : 0.6439426461749808,
    "receivedKBytesPerSec" : 1.6633088858718983,
    "sentKBytesPerSec" : 0.0
  },
  "02_Click_Login-6" : {
    "transaction" : "02_Click_Login-6",
    "sampleCount" : 15,
    "errorCount" : 15,
    "errorPct" : 100.0,
    "meanResTime" : 2133.6,
    "medianResTime" : 2141.0,
    "minResTime" : 1942.0,
    "maxResTime" : 2337.0,
    "pct1ResTime" : 2311.2,
    "pct2ResTime" : 2337.0,
    "pct3ResTime" : 2337.0,
    "throughput" : 0.6503360069369175,
    "receivedKBytesPerSec" : 1.6798229866681118,
    "sentKBytesPerSec" : 0.0
  },
  "07_SignOff" : {
    "transaction" : "07_SignOff",
    "sampleCount" : 15,
    "errorCount" : 15,
    "errorPct" : 100.0,
    "meanResTime" : 4325.533333333333,
    "medianResTime" : 4290.0,
    "minResTime" : 4136.0,
    "maxResTime" : 4724.0,
    "pct1ResTime" : 4592.6,
    "pct2ResTime" : 4724.0,
    "pct3ResTime" : 4724.0,
    "throughput" : 0.23970851444643315,
    "receivedKBytesPerSec" : 1.2383379310758118,
    "sentKBytesPerSec" : 0.0
  },
  "01_Launch" : {
    "transaction" : "01_Launch",
    "sampleCount" : 15,
    "errorCount" : 15,
    "errorPct" : 100.0,
    "meanResTime" : 6579.400000000001,
    "medianResTime" : 6497.0,
    "minResTime" : 6378.0,
    "maxResTime" : 6968.0,
    "pct1ResTime" : 6956.0,
    "pct2ResTime" : 6968.0,
    "pct3ResTime" : 6968.0,
    "throughput" : 1.3706140350877192,
    "receivedKBytesPerSec" : 10.620920281661183,
    "sentKBytesPerSec" : 0.0
  },
  "05_choose_Flights-18" : {
    "transaction" : "05_choose_Flights-18",
    "sampleCount" : 15,
    "errorCount" : 15,
    "errorPct" : 100.0,
    "meanResTime" : 2216.2000000000003,
    "medianResTime" : 2188.0,
    "minResTime" : 1993.0,
    "maxResTime" : 2608.0,
    "pct1ResTime" : 2558.8,
    "pct2ResTime" : 2608.0,
    "pct3ResTime" : 2608.0,
    "throughput" : 0.3204511952829584,
    "receivedKBytesPerSec" : 0.8277279409408448,
    "sentKBytesPerSec" : 0.0
  },
  "07_SignOff-22" : {
    "transaction" : "07_SignOff-22",
    "sampleCount" : 15,
    "errorCount" : 15,
    "errorPct" : 100.0,
    "meanResTime" : 2138.7999999999997,
    "medianResTime" : 2142.0,
    "minResTime" : 1973.0,
    "maxResTime" : 2254.0,
    "pct1ResTime" : 2245.0,
    "pct2ResTime" : 2254.0,
    "pct3ResTime" : 2254.0,
    "throughput" : 0.2537212449255751,
    "receivedKBytesPerSec" : 0.6553639578399865,
    "sentKBytesPerSec" : 0.0
  },
  "07_SignOff-21" : {
    "transaction" : "07_SignOff-21",
    "sampleCount" : 15,
    "errorCount" : 15,
    "errorPct" : 100.0,
    "meanResTime" : 2186.7333333333336,
    "medianResTime" : 2157.0,
    "minResTime" : 2040.0,
    "maxResTime" : 2485.0,
    "pct1ResTime" : 2344.6,
    "pct2ResTime" : 2485.0,
    "pct3ResTime" : 2485.0,
    "throughput" : 0.24795847522068307,
    "receivedKBytesPerSec" : 0.6404786786706119,
    "sentKBytesPerSec" : 0.0
  },
  "03_Click_Flights-13" : {
    "transaction" : "03_Click_Flights-13",
    "sampleCount" : 15,
    "errorCount" : 15,
    "errorPct" : 100.0,
    "meanResTime" : 2178.933333333333,
    "medianResTime" : 2139.0,
    "minResTime" : 1997.0,
    "maxResTime" : 2487.0,
    "pct1ResTime" : 2410.8,
    "pct2ResTime" : 2487.0,
    "pct3ResTime" : 2487.0,
    "throughput" : 0.6185056902523502,
    "receivedKBytesPerSec" : 1.597605029997526,
    "sentKBytesPerSec" : 0.0
  },
  "06_Payment" : {
    "transaction" : "06_Payment",
    "sampleCount" : 15,
    "errorCount" : 15,
    "errorPct" : 100.0,
    "meanResTime" : 2172.5999999999995,
    "medianResTime" : 2125.0,
    "minResTime" : 2036.0,
    "maxResTime" : 2453.0,
    "pct1ResTime" : 2401.4,
    "pct2ResTime" : 2453.0,
    "pct3ResTime" : 2453.0,
    "throughput" : 0.3198839887400836,
    "receivedKBytesPerSec" : 0.8262628420092979,
    "sentKBytesPerSec" : 0.0
  },
  "06_Payment-19" : {
    "transaction" : "06_Payment-19",
    "sampleCount" : 15,
    "errorCount" : 15,
    "errorPct" : 100.0,
    "meanResTime" : 2172.5999999999995,
    "medianResTime" : 2125.0,
    "minResTime" : 2036.0,
    "maxResTime" : 2453.0,
    "pct1ResTime" : 2401.4,
    "pct2ResTime" : 2453.0,
    "pct3ResTime" : 2453.0,
    "throughput" : 0.24732069249793903,
    "receivedKBytesPerSec" : 0.6388312809150866,
    "sentKBytesPerSec" : 0.0
  },
  "Debug Sampler" : {
    "transaction" : "Debug Sampler",
    "sampleCount" : 15,
    "errorCount" : 0,
    "errorPct" : 0.0,
    "meanResTime" : 1.0666666666666667,
    "medianResTime" : 0.0,
    "minResTime" : 0.0,
    "maxResTime" : 8.0,
    "pct1ResTime" : 4.400000000000002,
    "pct2ResTime" : 8.0,
    "pct3ResTime" : 8.0,
    "throughput" : 0.2637409009389176,
    "receivedKBytesPerSec" : 0.13286634710060835,
    "sentKBytesPerSec" : 0.0
  },
  "03_Click_Flights-12" : {
    "transaction" : "03_Click_Flights-12",
    "sampleCount" : 15,
    "errorCount" : 15,
    "errorPct" : 100.0,
    "meanResTime" : 2168.2000000000007,
    "medianResTime" : 2160.0,
    "minResTime" : 1982.0,
    "maxResTime" : 2352.0,
    "pct1ResTime" : 2302.8,
    "pct2ResTime" : 2352.0,
    "pct3ResTime" : 2352.0,
    "throughput" : 0.6197578812543899,
    "receivedKBytesPerSec" : 1.6008394491385365,
    "sentKBytesPerSec" : 0.0
  },
  "03_Click_Flights-11" : {
    "transaction" : "03_Click_Flights-11",
    "sampleCount" : 15,
    "errorCount" : 15,
    "errorPct" : 100.0,
    "meanResTime" : 2229.4666666666662,
    "medianResTime" : 2253.0,
    "minResTime" : 1930.0,
    "maxResTime" : 2359.0,
    "pct1ResTime" : 2359.0,
    "pct2ResTime" : 2359.0,
    "pct3ResTime" : 2359.0,
    "throughput" : 0.6286408784208541,
    "receivedKBytesPerSec" : 1.6237843002179289,
    "sentKBytesPerSec" : 0.0
  },
  "Total" : {
    "transaction" : "Total",
    "sampleCount" : 225,
    "errorCount" : 210,
    "errorPct" : 93.333336,
    "meanResTime" : 2036.1822222222224,
    "medianResTime" : 2139.0,
    "minResTime" : 0.0,
    "maxResTime" : 2732.0,
    "pct1ResTime" : 2357.8,
    "pct2ResTime" : 2464.8999999999996,
    "pct3ResTime" : 2684.220000000001,
    "throughput" : 2.0566351620628507,
    "receivedKBytesPerSec" : 5.027223279738944,
    "sentKBytesPerSec" : 0.0
  },
  "01_Launch-2" : {
    "transaction" : "01_Launch-2",
    "sampleCount" : 15,
    "errorCount" : 15,
    "errorPct" : 100.0,
    "meanResTime" : 2126.2666666666664,
    "medianResTime" : 2126.0,
    "minResTime" : 2108.0,
    "maxResTime" : 2151.0,
    "pct1ResTime" : 2148.0,
    "pct2ResTime" : 2151.0,
    "pct3ResTime" : 2151.0,
    "throughput" : 2.6232948583420774,
    "receivedKBytesPerSec" : 6.775991113588668,
    "sentKBytesPerSec" : 0.0
  },
  "04_Find_Flights-17" : {
    "transaction" : "04_Find_Flights-17",
    "sampleCount" : 15,
    "errorCount" : 15,
    "errorPct" : 100.0,
    "meanResTime" : 2209.266666666667,
    "medianResTime" : 2172.0,
    "minResTime" : 1912.0,
    "maxResTime" : 2470.0,
    "pct1ResTime" : 2441.8,
    "pct2ResTime" : 2470.0,
    "pct3ResTime" : 2470.0,
    "throughput" : 0.33033099165363694,
    "receivedKBytesPerSec" : 0.8532475321522165,
    "sentKBytesPerSec" : 0.0
  },
  "05_choose_Flights" : {
    "transaction" : "05_choose_Flights",
    "sampleCount" : 15,
    "errorCount" : 15,
    "errorPct" : 100.0,