{
  "02_Click_Login-5" : {
    "transaction" : "02_Click_Login-5",
    "sampleCount" : 15,
    "errorCount" : 0,
    "errorPct" : 0.0,
    "meanResTime" : 141.40000000000003,
    "medianResTime" : 135.0,
    "minResTime" : 124.0,
    "maxResTime" : 170.0,
    "pct1ResTime" : 167.0,
    "pct2ResTime" : 170.0,
    "pct3ResTime" : 170.0,
    "throughput" : 0.3620564808110065,
    "receivedKBytesPerSec" : 0.6183952977914555,
    "sentKBytesPerSec" : 0.248913830557567
  },
  "02_Click_Login-4" : {
    "transaction" : "02_Click_Login-4",
    "sampleCount" : 15,
    "errorCount" : 0,
    "errorPct" : 0.0,
    "meanResTime" : 103.6,
    "medianResTime" : 103.0,
    "minResTime" : 86.0,
    "maxResTime" : 136.0,
    "pct1ResTime" : 130.6,
    "pct2ResTime" : 136.0,
    "pct3ResTime" : 136.0,
    "throughput" : 0.36202152821354444,
    "receivedKBytesPerSec" : 0.3121257225346334,
    "sentKBytesPerSec" : 0.28751957178886905
  },
  "02_Click_Login-6" : {
    "transaction" : "02_Click_Login-6",
    "sampleCount" : 15,
    "errorCount" : 0,
    "errorPct" : 0.0,
    "meanResTime" : 144.73333333333335,
    "medianResTime" : 142.0,
    "minResTime" : 127.0,
    "maxResTime" : 175.0,
    "pct1ResTime" : 172.6,
    "pct2ResTime" : 175.0,
    "pct3ResTime" : 175.0,
    "throughput" : 0.3623801125794216,
    "receivedKBytesPerSec" : 0.4108626081100669,
    "sentKBytesPerSec" : 0.24736689325489816
  },
  "07_SignOff" : {
    "transaction" : "07_SignOff",
    "sampleCount" : 15,
    "errorCount" : 0,
    "errorPct" : 0.0,
    "meanResTime" : 262.20000000000005,
    "medianResTime" : 259.0,
    "minResTime" : 222.0,
    "maxResTime" : 322.0,
    "pct1ResTime" : 298.0,
    "pct2ResTime" : 322.0,
    "pct3ResTime" : 322.0,
    "throughput" : 0.21007226485911154,
    "receivedKBytesPerSec" : 0.5698757247493138,
    "sentKBytesPerSec" : 0.2625903310738894
  },
  "01_Launch" : {
    "transaction" : "01_Launch",
    "sampleCount" : 15,
    "errorCount" : 0,
    "errorPct" : 0.0,
    "meanResTime" : 233.93333333333334,
    "medianResTime" : 229.0,
    "minResTime" : 201.0,
    "maxResTime" : 302.0,
    "pct1ResTime" : 273.8,
    "pct2ResTime" : 302.0,
    "pct3ResTime" : 302.0,
    "throughput" : 3.168567807351077,
    "receivedKBytesPerSec" : 10.657609843683987,
    "sentKBytesPerSec" : 4.895189717997465
  },
  "05_choose_Flights-18" : {
    "transaction" : "05_choose_Flights-18",
    "sampleCount" : 15,
    "errorCount" : 0,
    "errorPct" : 0.0,
    "meanResTime" : 115.33333333333334,
    "medianResTime" : 103.0,
    "minResTime" : 97.0,
    "maxResTime" : 158.0,
    "pct1ResTime" : 153.2,
    "pct2ResTime" : 158.0,
    "pct3ResTime" : 158.0,
    "throughput" : 0.4000533404453927,
    "receivedKBytesPerSec" : 1.1861998266435525,
    "sentKBytesPerSec" : 0.37726384351246833
  },
  "07_SignOff-22" : {
    "transaction" : "07_SignOff-22",
    "sampleCount" : 15,
    "errorCount" : 0,
    "errorPct" : 0.0,
    "meanResTime" : 131.53333333333333,
    "medianResTime" : 131.0,
    "minResTime" : 117.0,
    "maxResTime" : 156.0,
    "pct1ResTime" : 153.6,
    "pct2ResTime" : 156.0,
    "pct3ResTime" : 156.0,
    "throughput" : 0.2105676904935707,
    "receivedKBytesPerSec" : 0.3604463727960582,
    "sentKBytesPerSec" : 0.11618236828990959
  },
  "07_SignOff-21" : {
    "transaction" : "07_SignOff-21",
    "sampleCount" : 15,
    "errorCount" : 0,
    "errorPct" : 0.0,
    "meanResTime" : 130.66666666666669,
    "medianResTime" : 131.0,
    "minResTime" : 105.0,
    "maxResTime" : 166.0,
    "pct1ResTime" : 152.20000000000002,
    "pct2ResTime" : 166.0,
    "pct3ResTime" : 166.0,
    "throughput" : 0.21044361514071663,
    "receivedKBytesPerSec" : 0.21064912648362746,
    "sentKBytesPerSec" : 0.1469406101812621
  },
  "03_Click_Flights-13" : {
    "transaction" : "03_Click_Flights-13",
    "sampleCount" : 15,
    "errorCount" : 0,
    "errorPct" : 0.0,
    "meanResTime" : 169.26666666666665,
    "medianResTime" : 163.0,
    "minResTime" : 126.0,
    "maxResTime" : 217.0,
    "pct1ResTime" : 212.8,
    "pct2ResTime" : 217.0,
    "pct3ResTime" : 217.0,
    "throughput" : 0.36213514883754616,
    "receivedKBytesPerSec" : 1.5984871804157312,
    "sentKBytesPerSec" : 0.255333571738973
  },
  "06_Payment" : {
    "transaction" : "06_Payment",
    "sampleCount" : 15,
    "errorCount" : 0,
    "errorPct" : 0.0,
    "meanResTime" : 108.66666666666667,
    "medianResTime" : 108.0,
    "minResTime" : 93.0,
    "maxResTime" : 131.0,
    "pct1ResTime" : 125.60000000000001,
    "pct2ResTime" : 131.0,
    "pct3ResTime" : 131.0,
    "throughput" : 0.40036299578284307,
    "receivedKBytesPerSec" : 1.1309212018897132,
    "sentKBytesPerSec" : 0.4475672526423958
  },
  "06_Payment-19" : {
    "transaction" : "06_Payment-19",
    "sampleCount" : 15,
    "errorCount" : 0,
    "errorPct" : 0.0,
    "meanResTime" : 108.66666666666667,
    "medianResTime" : 108.0,
    "minResTime" : 93.0,
    "maxResTime" : 131.0,
    "pct1ResTime" : 125.60000000000001,
    "pct2ResTime" : 131.0,
    "pct3ResTime" : 131.0,
    "throughput" : 0.21047609693125852,
    "receivedKBytesPerSec" : 0.5945401623472295,
    "sentKBytesPerSec" : 0.23529199612022397
  },
  "Debug Sampler" : {
    "transaction" : "Debug Sampler",
    "sampleCount" : 15,
    "errorCount" : 0,
    "errorPct" : 0.0,
    "meanResTime" : 1.1333333333333335,
    "medianResTime" : 0.0,
    "minResTime" : 0.0,
    "maxResTime" : 11.0,
    "pct1ResTime" : 5.0000000000000036,
    "pct2ResTime" : 11.0,
    "pct3ResTime" : 11.0,
    "throughput" : 0.2110921909962144,
    "receivedKBytesPerSec" : 0.18190209896001913,
    "sentKBytesPerSec" : 0.0
  },
  "03_Click_Flights-12" : {
    "transaction" : "03_Click_Flights-12",
    "sampleCount" : 15,
    "errorCount" : 0,
    "errorPct" : 0.0,
    "meanResTime" : 143.53333333333333,
    "medianResTime" : 145.0,
    "minResTime" : 124.0,
    "maxResTime" : 180.0,
    "pct1ResTime" : 168.6,
    "pct2ResTime" : 180.0,
    "pct3ResTime" : 180.0,
    "throughput" : 0.3626780144587635,
    "receivedKBytesPerSec" : 0.619456882117556,
    "sentKBytesPerSec" : 0.255362156664813
  },
  "03_Click_Flights-11" : {
    "transaction" : "03_Click_Flights-11",
    "sampleCount" : 15,
    "errorCount" : 0,
    "errorPct" : 0.0,
    "meanResTime" : 90.80000000000003,
    "medianResTime" : 85.0,
    "minResTime" : 74.0,
    "maxResTime" : 135.0,
    "pct1ResTime" : 121.80000000000001,
    "pct2ResTime" : 135.0,
    "pct3ResTime" : 135.0,
    "throughput" : 0.36309062742060416,
    "receivedKBytesPerSec" : 0.2989115223784857,
    "sentKBytesPerSec" : 0.25458893602343147
  },
  "Total" : {
    "transaction" : "Total",
    "sampleCount" : 225,
    "errorCount" : 0,
    "errorPct" : 0.0,
    "meanResTime" : 108.68888888888887,
    "medianResTime" : 121.0,
    "minResTime" : 0.0,
    "maxResTime" : 217.0,
    "pct1ResTime" : 158.0,
    "pct2ResTime" : 171.7,
    "pct3ResTime" : 215.0,
    "throughput" : 2.305634971871253,
    "receivedKBytesPerSec" : 3.741082876689518,
    "sentKBytesPerSec" : 1.5644693965384733
  },
  "01_Launch-2" : {
    "transaction" : "01_Launch-2",
    "sampleCount" : 15,
    "errorCount" : 0,
    "errorPct" : 0.0,
    "meanResTime" : 85.66666666666667,
    "medianResTime" : 81.0,
    "minResTime" : 75.0,
    "maxResTime" : 103.0,
    "pct1ResTime" : 100.0,
    "pct2ResTime" : 103.0,
    "pct3ResTime" : 103.0,
    "throughput" : 3.430139492339355,
    "receivedKBytesPerSec" : 3.4334892379373425,
    "sentKBytesPerSec" : 1.7653159301394923
  },
  "04_Find_Flights-17" : {
    "transaction" : "04_Find_Flights-17",
    "sampleCount" : 15,
    "errorCount" : 0,
    "errorPct" : 0.0,
    "meanResTime" : 115.73333333333332,
    "medianResTime" : 106.0,
    "minResTime" : 84.0,
    "maxResTime" : 215.0,
    "pct1ResTime" : 169.40000000000003,
    "pct2ResTime" : 215.0,
    "pct3ResTime" : 215.0,
    "throughput" : 0.3922388996391402,
    "receivedKBytesPerSec" : 0.37717243148893886,
    "sentKBytesPerSec" : 0.41090599831337277
  },