{
  "Total" : {
    "transaction" : "Total",
    "sampleCount" : 3,
    "errorCount" : 0,
    "errorPct" : 0.0,
    "meanResTime" : 103.66666666666667,
    "medianResTime" : 89.0,
    "minResTime" : 88.0,
    "maxResTime" : 134.0,
    "pct1ResTime" : 134.0,
    "pct2ResTime" : 134.0,
    "pct3ResTime" : 134.0,
    "throughput" : 9.316770186335404,
    "receivedKBytesPerSec" : 10.448005628881987,
    "sentKBytesPerSec" : 4.79789402173913
  },
  "01_Launch-2" : {
    "transaction" : "01_Launch-2",
    "sampleCount" : 1,
    "errorCount" : 0,
    "errorPct" : 0.0,
    "meanResTime" : 89.0,
    "medianResTime" : 89.0,
    "minResTime" : 89.0,
    "maxResTime" : 89.0,
    "pct1ResTime" : 89.0,
    "pct2ResTime" : 89.0,
    "pct3ResTime" : 89.0,
    "throughput" : 11.235955056179774,
    "receivedKBytesPerSec" : 11.246927668539326,
    "sentKBytesPerSec" : 5.782566713483146
  },
  "01_Launch-3" : {
    "transaction" : "01_Launch-3",
    "sampleCount" : 1,
    "errorCount" : 0,
    "errorPct" : 0.0,
    "meanResTime" : 134.0,
    "medianResTime" : 134.0,
    "minResTime" : 134.0,
    "maxResTime" : 134.0,
    "pct1ResTime" : 134.0,
    "pct2ResTime" : 134.0,
    "pct3ResTime" : 134.0,
    "throughput" : 7.462686567164179,
    "receivedKBytesPerSec" : 12.797341417910447,
    "sentKBytesPerSec" : 4.139458955223881
  },
  "01_Launch-1" : {
    "transaction" : "01_Launch-1",
    "sampleCount" : 1,
    "errorCount" : 0,
    "errorPct" : 0.0,
    "meanResTime" : 88.0,
    "medianResTime" : 88.0,
    "minResTime" : 88.0,
    "maxResTime" : 88.0,
    "pct1ResTime" : 88.0,
    "pct2ResTime" : 88.0,
    "pct3ResTime" : 88.0,
    "throughput" : 11.363636363636363,
    "receivedKBytesPerSec" : 7.368607954545455,
    "sentKBytesPerSec" : 5.404385653409091
  },
  "01_Launch" : {
    "transaction" : "01_Launch",
    "sampleCount" : 1,
    "errorCount" : 0,
    "errorPct" : 0.0,
    "meanResTime" : 311.0,
    "medianResTime" : 311.0,
    "minResTime" : 311.0,
    "maxResTime" : 311.0,
    "pct1ResTime" : 311.0,
    "pct2ResTime" : 311.0,
    "pct3ResTime" : 311.0,
    "throughput" : 3.215434083601286,
    "receivedKBytesPerSec" : 10.817549236334406,
    "sentKBytesPerSec" : 4.967594453376206
  }
}