{
  "02_Click_Login-5" : {
    "transaction" : "02_Click_Login-5",
    "sampleCount" : 15,
    "errorCount" : 15,
    "errorPct" : 100.0,
    "meanResTime" : 3983.9333333333334,
    "medianResTime" : 2760.0,
    "minResTime" : 2083.0,
    "maxResTime" : 21033.0,
    "pct1ResTime" : 10417.800000000007,
    "pct2ResTime" : 21033.0,
    "pct3ResTime" : 21033.0,
    "throughput" : 0.18266174697694806,
    "receivedKBytesPerSec" : 0.4718167194863552,
    "sentKBytesPerSec" : 0.0
  },
  "02_Click_Login-4" : {
    "transaction" : "02_Click_Login-4",
    "sampleCount" : 15,
    "errorCount" : 15,
    "errorPct" : 100.0,
    "meanResTime" : 3911.933333333334,
    "medianResTime" : 2725.0,
    "minResTime" : 2184.0,
    "maxResTime" : 21079.0,
    "pct1ResTime" : 10358.200000000006,
    "pct2ResTime" : 21079.0,
    "pct3ResTime" : 21079.0,
    "throughput" : 0.23692565273017327,
    "receivedKBytesPerSec" : 0.6119808119836995,
    "sentKBytesPerSec" : 0.0
  },
  "02_Click_Login-6" : {
    "transaction" : "02_Click_Login-6",
    "sampleCount" : 15,
    "errorCount" : 15,
    "errorPct" : 100.0,
    "meanResTime" : 4067.866666666667,
    "medianResTime" : 2969.0,
    "minResTime" : 2179.0,
    "maxResTime" : 21051.0,
    "pct1ResTime" : 10426.200000000006,
    "pct2ResTime" : 21051.0,
    "pct3ResTime" : 21051.0,
    "throughput" : 0.14909202954010078,
    "receivedKBytesPerSec" : 0.38510587708356114,
    "sentKBytesPerSec" : 0.0
  },
  "07_SignOff" : {
    "transaction" : "07_SignOff",
    "sampleCount" : 15,
    "errorCount" : 15,
    "errorPct" : 100.0,
    "meanResTime" : 40714.53333333333,
    "medianResTime" : 42111.0,
    "minResTime" : 21047.0,
    "maxResTime" : 42165.0,
    "pct1ResTime" : 42148.8,
    "pct2ResTime" : 42165.0,
    "pct3ResTime" : 42165.0,
    "throughput" : 0.0673406719701187,
    "receivedKBytesPerSec" : 0.33628686480911163,
    "sentKBytesPerSec" : 0.0
  },
  "01_Launch" : {
    "transaction" : "01_Launch",
    "sampleCount" : 15,
    "errorCount" : 15,
    "errorPct" : 100.0,
    "meanResTime" : 6461.533333333333,
    "medianResTime" : 6389.0,
    "minResTime" : 6206.0,
    "maxResTime" : 7146.0,
    "pct1ResTime" : 7079.4,
    "pct2ResTime" : 7146.0,
    "pct3ResTime" : 7146.0,
    "throughput" : 1.377916590115745,
    "receivedKBytesPerSec" : 10.677507951726989,
    "sentKBytesPerSec" : 0.0
  },
  "05_choose_Flights-18" : {
    "transaction" : "05_choose_Flights-18",
    "sampleCount" : 15,
    "errorCount" : 15,
    "errorPct" : 100.0,
    "meanResTime" : 18705.266666666666,
    "medianResTime" : 21058.0,
    "minResTime" : 3434.0,
    "maxResTime" : 21127.0,
    "pct1ResTime" : 21096.4,
    "pct2ResTime" : 21127.0,
    "pct3ResTime" : 21127.0,
    "throughput" : 0.07328799249530958,
    "receivedKBytesPerSec" : 0.18930345717782598,
    "sentKBytesPerSec" : 0.0
  },
  "07_SignOff-22" : {
    "transaction" : "07_SignOff-22",
    "sampleCount" : 14,
    "errorCount" : 14,
    "errorPct" : 100.0,
    "meanResTime" : 21055.5,
    "medianResTime" : 21051.5,
    "minResTime" : 21030.0,
    "maxResTime" : 21084.0,
    "pct1ResTime" : 21078.5,
    "pct2ResTime" : 21084.0,
    "pct3ResTime" : 21084.0,
    "throughput" : 0.09779472886411422,
    "receivedKBytesPerSec" : 0.2526045486773263,
    "sentKBytesPerSec" : 0.0
  },
  "07_SignOff-21" : {
    "transaction" : "07_SignOff-21",
    "sampleCount" : 15,
    "errorCount" : 15,
    "errorPct" : 100.0,
    "meanResTime" : 21062.733333333334,
    "medianResTime" : 21063.0,
    "minResTime" : 21032.0,
    "maxResTime" : 21085.0,
    "pct1ResTime" : 21083.2,
    "pct2ResTime" : 21085.0,
    "pct3ResTime" : 21085.0,
    "throughput" : 0.06734097428921601,
    "receivedKBytesPerSec" : 0.1739422626904066,
    "sentKBytesPerSec" : 0.0
  },
  "03_Click_Flights-13" : {
    "transaction" : "03_Click_Flights-13",
    "sampleCount" : 15,
    "errorCount" : 15,
    "errorPct" : 100.0,
    "meanResTime" : 9652.2,
    "medianResTime" : 3309.0,
    "minResTime" : 2494.0,
    "maxResTime" : 21068.0,
    "pct1ResTime" : 21066.8,
    "pct2ResTime" : 21068.0,
    "pct3ResTime" : 21068.0,
    "throughput" : 0.09688107525076052,
    "receivedKBytesPerSec" : 0.2502445742561148,
    "sentKBytesPerSec" : 0.0
  },
  "06_Payment" : {
    "transaction" : "06_Payment",
    "sampleCount" : 15,
    "errorCount" : 15,
    "errorPct" : 100.0,
    "meanResTime" : 21069.733333333334,
    "medianResTime" : 21072.0,
    "minResTime" : 21040.0,
    "maxResTime" : 21091.0,
    "pct1ResTime" : 21088.6,
    "pct2ResTime" : 21091.0,
    "pct3ResTime" : 21091.0,
    "throughput" : 0.06747031306225261,
    "receivedKBytesPerSec" : 0.1742763457516193,
    "sentKBytesPerSec" : 0.0
  },
  "06_Payment-19" : {
    "transaction" : "06_Payment-19",
    "sampleCount" : 15,
    "errorCount" : 15,
    "errorPct" : 100.0,
    "meanResTime" : 21069.733333333334,
    "medianResTime" : 21072.0,
    "minResTime" : 21040.0,
    "maxResTime" : 21091.0,
    "pct1ResTime" : 21088.6,
    "pct2ResTime" : 21091.0,
    "pct3ResTime" : 21091.0,
    "throughput" : 0.06734188126279496,
    "receivedKBytesPerSec" : 0.17394460541024673,
    "sentKBytesPerSec" : 0.0
  },
  "Debug Sampler" : {
    "transaction" : "Debug Sampler",
    "sampleCount" : 14,
    "errorCount" : 0,
    "errorPct" : 0.0,
    "meanResTime" : 1.2857142857142856,
    "medianResTime" : 1.0,
    "minResTime" : 0.0,
    "maxResTime" : 9.0,
    "pct1ResTime" : 5.5,
    "pct2ResTime" : 9.0,
    "pct3ResTime" : 9.0,
    "throughput" : 0.11467232383464251,
    "receivedKBytesPerSec" : 0.05786408974747516,
    "sentKBytesPerSec" : 0.0
  },
  "03_Click_Flights-12" : {
    "transaction" : "03_Click_Flights-12",
    "sampleCount" : 15,
    "errorCount" : 15,
    "errorPct" : 100.0,
    "meanResTime" : 7445.866666666667,
    "medianResTime" : 3283.0,
    "minResTime" : 2375.0,
    "maxResTime" : 21070.0,
    "pct1ResTime" : 21054.4,
    "pct2ResTime" : 21070.0,
    "pct3ResTime" : 21070.0,
    "throughput" : 0.10994568683070563,
    "receivedKBytesPerSec" : 0.283990568034391,
    "sentKBytesPerSec" : 0.0
  },
  "03_Click_Flights-11" : {
    "transaction" : "03_Click_Flights-11",
    "sampleCount" : 15,
    "errorCount" : 15,
    "errorPct" : 100.0,
    "meanResTime" : 6423.333333333334,
    "medianResTime" : 2976.0,
    "minResTime" : 2432.0,
    "maxResTime" : 21050.0,
    "pct1ResTime" : 20027.0,
    "pct2ResTime" : 21050.0,
    "pct3ResTime" : 21050.0,
    "throughput" : 0.12621694167935849,
    "receivedKBytesPerSec" : 0.3260193464276398,
    "sentKBytesPerSec" : 0.0
  },
  "Total" : {
    "transaction" : "Total",
    "sampleCount" : 224,
    "errorCount" : 210,
    "errorPct" : 93.75,
    "meanResTime" : 9465.852678571431,
    "medianResTime" : 3079.5,
    "minResTime" : 0.0,
    "maxResTime" : 21127.0,
    "pct1ResTime" : 21070.5,
    "pct2ResTime" : 21076.0,
    "pct3ResTime" : 21090.0,
    "throughput" : 0.7455136056233026,
    "receivedKBytesPerSec" : 1.8288250630691198,
    "sentKBytesPerSec" : 0.0
  },
  "01_Launch-2" : {
    "transaction" : "01_Launch-2",
    "sampleCount" : 15,
    "errorCount" : 15,
    "errorPct" : 100.0,
    "meanResTime" : 2074.6666666666665,
    "medianResTime" : 2077.0,
    "minResTime" : 2054.0,
    "maxResTime" : 2090.0,
    "pct1ResTime" : 2089.4,
    "pct2ResTime" : 2090.0,
    "pct3ResTime" : 2090.0,
    "throughput" : 2.7711065952336966,
    "receivedKBytesPerSec" : 7.157789984758914,
    "sentKBytesPerSec" : 0.0
  },
  "04_Find_Flights-17" : {
    "transaction" : "04_Find_Flights-17",
    "sampleCount" : 15,
    "errorCount" : 15,
    "errorPct" : 100.0,
    "meanResTime" : 17516.199999999997,
    "medianResTime" : 21059.0,
    "minResTime" : 3053.0,
    "maxResTime" : 21076.0,
    "pct1ResTime" : 21073.0,
    "pct2ResTime" : 21076.0,
    "pct3ResTime" : 21076.0,
    "throughput" : 0.08294533349553754,
    "receivedKBytesPerSec" : 0.2142484444293914,
    "sentKBytesPerSec" : 0.0
  },
  "05_choose_Flights" : {
    "transaction" : "05_choose_Flights",