{
  "02_Click_Login-5" : {
    "transaction" : "02_Click_Login-5",
    "sampleCount" : 15,
    "errorCount" : 0,
    "errorPct" : 0.0,
    "meanResTime" : 142.9333333333333,
    "medianResTime" : 137.0,
    "minResTime" : 125.0,
    "maxResTime" : 218.0,
    "pct1ResTime" : 184.40000000000003,
    "pct2ResTime" : 218.0,
    "pct3ResTime" : 218.0,
    "throughput" : 0.36208269968860884,
    "receivedKBytesPerSec" : 0.6184400798392353,
    "sentKBytesPerSec" : 0.2489318560359186
  },
  "02_Click_Login-4" : {
    "transaction" : "02_Click_Login-4",
    "sampleCount" : 15,
    "errorCount" : 0,
    "errorPct" : 0.0,
    "meanResTime" : 105.6,
    "medianResTime" : 94.0,
    "minResTime" : 82.0,
    "maxResTime" : 205.0,
    "pct1ResTime" : 155.20000000000005,
    "pct2ResTime" : 205.0,
    "pct3ResTime" : 205.0,
    "throughput" : 0.3614457831325301,
    "receivedKBytesPerSec" : 0.3116293298192771,
    "sentKBytesPerSec" : 0.28659167921686746
  },
  "02_Click_Login-6" : {
    "transaction" : "02_Click_Login-6",
    "sampleCount" : 15,
    "errorCount" : 0,
    "errorPct" : 0.0,
    "meanResTime" : 140.5333333333333,
    "medianResTime" : 137.0,
    "minResTime" : 116.0,
    "maxResTime" : 158.0,
    "pct1ResTime" : 156.2,
    "pct2ResTime" : 158.0,
    "pct3ResTime" : 158.0,
    "throughput" : 0.36284470246734396,
    "receivedKBytesPerSec" : 0.41138935504354135,
    "sentKBytesPerSec" : 0.24768403029753264
  },
  "07_SignOff" : {
    "transaction" : "07_SignOff",
    "sampleCount" : 15,
    "errorCount" : 0,
    "errorPct" : 0.0,
    "meanResTime" : 269.6,
    "medianResTime" : 266.0,
    "minResTime" : 236.0,
    "maxResTime" : 339.0,
    "pct1ResTime" : 302.40000000000003,
    "pct2ResTime" : 339.0,
    "pct3ResTime" : 339.0,
    "throughput" : 0.2826508884659594,
    "receivedKBytesPerSec" : 0.767573818990371,
    "sentKBytesPerSec" : 0.35331361058244926
  },
  "01_Launch" : {
    "transaction" : "01_Launch",
    "sampleCount" : 15,
    "errorCount" : 0,
    "errorPct" : 0.0,
    "meanResTime" : 304.8,
    "medianResTime" : 237.0,
    "minResTime" : 217.0,
    "maxResTime" : 492.0,
    "pct1ResTime" : 483.6,
    "pct2ResTime" : 492.0,
    "pct3ResTime" : 492.0,
    "throughput" : 3.163889474794347,
    "receivedKBytesPerSec" : 10.637754429445266,
    "sentKBytesPerSec" : 4.8879620596920486
  },
  "05_choose_Flights-18" : {
    "transaction" : "05_choose_Flights-18",
    "sampleCount" : 15,
    "errorCount" : 0,
    "errorPct" : 0.0,
    "meanResTime" : 113.73333333333333,
    "medianResTime" : 108.0,
    "minResTime" : 99.0,
    "maxResTime" : 174.0,
    "pct1ResTime" : 142.20000000000002,
    "pct2ResTime" : 174.0,
    "pct3ResTime" : 174.0,
    "throughput" : 0.26723201083180415,
    "receivedKBytesPerSec" : 0.7923185550319788,
    "sentKBytesPerSec" : 0.2519914352140528
  },
  "07_SignOff-22" : {
    "transaction" : "07_SignOff-22",
    "sampleCount" : 15,
    "errorCount" : 0,
    "errorPct" : 0.0,
    "meanResTime" : 135.53333333333333,
    "medianResTime" : 133.0,
    "minResTime" : 118.0,
    "maxResTime" : 183.0,
    "pct1ResTime" : 164.4,
    "pct2ResTime" : 183.0,
    "pct3ResTime" : 183.0,
    "throughput" : 0.28343064452128564,
    "receivedKBytesPerSec" : 0.48598391176804034,
    "sentKBytesPerSec" : 0.15638507241652966
  },
  "07_SignOff-21" : {
    "transaction" : "07_SignOff-21",
    "sampleCount" : 15,
    "errorCount" : 0,
    "errorPct" : 0.0,
    "meanResTime" : 134.0666666666667,
    "medianResTime" : 134.0,
    "minResTime" : 113.0,
    "maxResTime" : 156.0,
    "pct1ResTime" : 150.6,
    "pct2ResTime" : 156.0,
    "pct3ResTime" : 156.0,
    "throughput" : 0.2833663927458204,
    "receivedKBytesPerSec" : 0.2836431177387362,
    "sentKBytesPerSec" : 0.19785836993482572
  },
  "03_Click_Flights-13" : {
    "transaction" : "03_Click_Flights-13",
    "sampleCount" : 15,
    "errorCount" : 0,
    "errorPct" : 0.0,
    "meanResTime" : 165.2,
    "medianResTime" : 161.0,
    "minResTime" : 137.0,
    "maxResTime" : 199.0,
    "pct1ResTime" : 197.8,
    "pct2ResTime" : 199.0,
    "pct3ResTime" : 199.0,
    "throughput" : 0.36294127610152677,
    "receivedKBytesPerSec" : 1.6020454765418954,
    "sentKBytesPerSec" : 0.2559019544387718
  },
  "06_Payment" : {
    "transaction" : "06_Payment",
    "sampleCount" : 15,
    "errorCount" : 0,
    "errorPct" : 0.0,
    "meanResTime" : 109.73333333333332,
    "medianResTime" : 107.0,
    "minResTime" : 82.0,
    "maxResTime" : 155.0,
    "pct1ResTime" : 133.4,
    "pct2ResTime" : 155.0,
    "pct3ResTime" : 155.0,
    "throughput" : 0.26737967914438504,
    "receivedKBytesPerSec" : 0.7552431483957219,
    "sentKBytesPerSec" : 0.2988699030748663
  },
  "06_Payment-19" : {
    "transaction" : "06_Payment-19",
    "sampleCount" : 15,
    "errorCount" : 0,
    "errorPct" : 0.0,
    "meanResTime" : 109.73333333333332,
    "medianResTime" : 107.0,
    "minResTime" : 82.0,
    "maxResTime" : 155.0,
    "pct1ResTime" : 133.4,
    "pct2ResTime" : 155.0,
    "pct3ResTime" : 155.0,
    "throughput" : 0.2834842099295069,
    "receivedKBytesPerSec" : 0.8007321570313534,
    "sentKBytesPerSec" : 0.3168711198098766
  },
  "Debug Sampler" : {
    "transaction" : "Debug Sampler",
    "sampleCount" : 15,
    "errorCount" : 0,
    "errorPct" : 0.0,
    "meanResTime" : 2.0666666666666664,
    "medianResTime" : 1.0,
    "minResTime" : 0.0,
    "maxResTime" : 19.0,
    "pct1ResTime" : 10.000000000000005,
    "pct2ResTime" : 19.0,
    "pct3ResTime" : 19.0,
    "throughput" : 0.2841285776523403,
    "receivedKBytesPerSec" : 0.2433590864319133,
    "sentKBytesPerSec" : 0.0
  },
  "03_Click_Flights-12" : {
    "transaction" : "03_Click_Flights-12",
    "sampleCount" : 15,
    "errorCount" : 0,
    "errorPct" : 0.0,
    "meanResTime" : 138.93333333333337,
    "medianResTime" : 134.0,
    "minResTime" : 117.0,
    "maxResTime" : 172.0,
    "pct1ResTime" : 168.4,
    "pct2ResTime" : 172.0,
    "pct3ResTime" : 172.0,
    "throughput" : 0.36310820624546114,
    "receivedKBytesPerSec" : 0.6201916530501089,
    "sentKBytesPerSec" : 0.2556650553740014
  },
  "03_Click_Flights-11" : {
    "transaction" : "03_Click_Flights-11",
    "sampleCount" : 15,
    "errorCount" : 0,
    "errorPct" : 0.0,
    "meanResTime" : 86.73333333333333,
    "medianResTime" : 84.0,
    "minResTime" : 62.0,
    "maxResTime" : 113.0,
    "pct1ResTime" : 104.0,
    "pct2ResTime" : 113.0,
    "pct3ResTime" : 113.0,
    "throughput" : 0.36354823073194376,
    "receivedKBytesPerSec" : 0.29928824072952015,
    "sentKBytesPerSec" : 0.25490979459524965
  },
  "Total" : {
    "transaction" : "Total",
    "sampleCount" : 225,
    "errorCount" : 0,
    "errorPct" : 0.0,
    "meanResTime" : 112.98222222222215,
    "medianResTime" : 121.0,
    "minResTime" : 0.0,
    "maxResTime" : 270.0,
    "pct1ResTime" : 162.0,
    "pct2ResTime" : 185.79999999999995,
    "pct3ResTime" : 233.5400000000002,
    "throughput" : 2.6330571548939754,
    "receivedKBytesPerSec" : 4.2716666776377386,
    "sentKBytesPerSec" : 1.7864447109195807
  },
  "01_Launch-2" : {
    "transaction" : "01_Launch-2",
    "sampleCount" : 15,
    "errorCount" : 0,
    "errorPct" : 0.0,
    "meanResTime" : 117.66666666666667,
    "medianResTime" : 84.0,
    "minResTime" : 76.0,
    "maxResTime" : 199.0,
    "pct1ResTime" : 196.6,
    "pct2ResTime" : 199.0,
    "pct3ResTime" : 199.0,
    "throughput" : 3.5705784337062605,
    "receivedKBytesPerSec" : 3.574065326707927,
    "sentKBytesPerSec" : 1.8375926118781245
  },
  "04_Find_Flights-17" : {
    "transaction" : "04_Find_Flights-17",
    "sampleCount" : 15,
    "errorCount" : 0,
    "errorPct" : 0.0,
    "meanResTime" : 114.86666666666667,
    "medianResTime" : 108.0,
    "minResTime" : 102.0,
    "maxResTime" : 146.0,
    "pct1ResTime" : 144.8,
    "pct2ResTime" : 146.0,
    "pct3ResTime" : 146.0,
    "throughput" : 0.2962085308056872,
    "receivedKBytesPerSec" : 0.2848500135762243,
    "sentKBytesPerSec" : 0.310421140649684
  },